topology,|V|,|E|,avg_degree,nr_connected_components,degree_std,degree_entropy,assortativity,transitivity,average_clustering,cheeger_constant,spectral_gap,spectral_radius,algebraic_connectivity,border_breadth,border_breadth_avg
topo10_rnp_it3,38,74,3.8947368421052633,1,3.058977070888503,2.770164936643029,-0.23803554952037756,0.14540816326530612,0.1608371891266628,0.75,2.7371766889948894,5.9691442730608655,0.36907070071693826,"{'3': 1.0, '2': 0.2857142857142857, '1': 0.7142857142857143}",0.6666666666666666
topo10_it0,38,74,3.8947368421052633,1,3.0931968957716025,2.7808589355000475,-0.23122047448476377,0.14393939393939395,0.13339358010410643,0.5,2.8191261986773126,6.055740259832456,0.29286024062725985,"{'3': 1.0, '2': 0.21428571428571427, '1': 0.42857142857142855}",0.5476190476190476
topo10_rac_it1,38,74,3.8947368421052633,1,3.050362132808863,2.7367190406746227,-0.2335820830081466,0.13810741687979539,0.12296124927703873,0.5,2.7100326195402786,5.978729331452179,0.3483906488847996,"{'3': 1.0, '2': 0.21428571428571427, '1': 0.42857142857142855}",0.5476190476190476
topo10_rnp_it2,38,74,3.8947368421052633,1,3.07613456762157,2.6764239322736554,-0.23773847896158207,0.15228426395939088,0.16205176402544824,0.625,2.687682871222035,6.005757190655712,0.34561462496019874,"{'3': 1.0, '2': 0.25, '1': 0.5714285714285714}",0.6071428571428571
topo10_rnp_it5,38,74,3.8947368421052633,1,3.067567814925853,2.8039600028310367,-0.23723190260978624,0.1450381679389313,0.15908280316175052,0.75,2.7227643797719123,5.9704362626826395,0.41503788572827327,"{'3': 1.0, '2': 0.2857142857142857, '1': 0.7142857142857143}",0.6666666666666666
topo10_rnp_it4,38,74,3.8947368421052633,1,3.058977070888503,2.770164936643029,-0.23803554952037756,0.14540816326530612,0.1608371891266628,0.75,2.7371766889948805,5.96914427306086,0.36907070071694176,"{'3': 1.0, '2': 0.2857142857142857, '1': 0.7142857142857143}",0.6666666666666666
topo10_rac_it5,38,74,3.8947368421052633,1,3.07613456762157,2.71186491232978,-0.29091675299819086,0.1218274111675127,0.14420185078079814,0.8181818181818182,2.66663808068622,5.886008938542389,0.5362968964805728,"{'3': 1.3333333333333333, '2': 0.32142857142857145, '1': 1.0}",0.8849206349206349
topo10_rac_it4,38,74,3.8947368421052633,1,3.0417227951157657,2.6642220011440054,-0.26009821004276906,0.13076923076923078,0.14053643724696355,0.6666666666666666,2.630841265647428,5.903900783925624,0.4808754616424932,"{'3': 1.3333333333333333, '2': 0.2857142857142857, '1': 0.8571428571428571}",0.8253968253968255
topo10_rnp_it1,38,74,3.8947368421052633,1,3.07613456762157,2.6764239322736554,-0.23773847896158207,0.15228426395939088,0.16205176402544824,0.625,2.687682871222028,6.00575719065571,0.3456146249601965,"{'3': 1.0, '2': 0.25, '1': 0.5714285714285714}",0.6071428571428571
topo10_rac_it3,38,74,3.8947368421052633,1,3.058977070888503,2.699302899641441,-0.25535948407214487,0.1377551020408163,0.14163292847503375,0.6363636363636364,2.640317594534583,5.950914305710973,0.4452879141705018,"{'3': 1.3333333333333333, '2': 0.25, '1': 0.7142857142857143}",0.7658730158730158
topo10_rac_it2,38,74,3.8947368421052633,1,3.0589770708885027,2.69530726803792,-0.2481629926519711,0.1377551020408163,0.14050510892616155,0.5714285714285714,2.6678136469699743,5.969421250674906,0.3985846405580604,"{'3': 1.3333333333333333, '2': 0.21428571428571427, '1': 0.5714285714285714}",0.7063492063492062
topo11_it0,33,42,2.5454545454545454,1,1.2574844800755411,2.2052854990035753,-0.08352144469525889,0.16483516483516483,0.1585858585858586,0.125,0.5034437484636372,3.4064283479456545,0.09327165367006149,"{'2': 0.625, '4': 0.2857142857142857, '3': 0.6666666666666666, '1': 0.8333333333333334, '5': 0.2222222222222222}",0.5265873015873016
topo11_rnp_it2,33,42,2.5454545454545454,1,1.3278122606185845,2.285041088268707,-0.09388249545729938,0.1276595744680851,0.10303030303030303,0.25,0.5509548293677966,3.3968279381125,0.09912666891546715,"{'2': 0.625, '4': 0.2857142857142857, '3': 0.6666666666666666, '1': 1.0, '5': 0.3333333333333333}",0.5821428571428572
topo11_rnp_it3,33,42,2.5454545454545454,1,1.3278122606185845,2.285041088268707,-0.09388249545729938,0.1276595744680851,0.10303030303030303,0.25,0.550954829367793,3.396827938112499,0.09912666891546774,"{'2': 0.625, '4': 0.2857142857142857, '3': 0.6666666666666666, '1': 1.0, '5': 0.3333333333333333}",0.5821428571428572
topo11_rac_it1,33,42,2.5454545454545454,1,1.2813560310221803,2.2467420309505646,-0.22049131216297144,0.13043478260869565,0.12121212121212122,0.125,0.3794704049035138,3.308792812306111,0.09793468835722187,"{'2': 0.625, '4': 0.2857142857142857, '3': 0.6666666666666666, '1': 0.8333333333333334, '5': 0.2222222222222222}",0.5265873015873016
topo11_rnp_it4,33,42,2.5454545454545454,1,1.3278122606185845,2.285041088268707,-0.09388249545729938,0.1276595744680851,0.10303030303030303,0.1875,0.5509548293677993,3.3968279381125033,0.09912666891546798,"{'2': 0.625, '4': 0.2857142857142857, '3': 0.6666666666666666, '1': 1.0, '5': 0.3333333333333333}",0.5821428571428572
topo11_rnp_it5,33,42,2.5454545454545454,1,1.3278122606185845,2.285041088268707,-0.09388249545729938,0.1276595744680851,0.10303030303030303,0.25,0.5509548293677966,3.396827938112501,0.099126668915467,"{'2': 0.625, '4': 0.2857142857142857, '3': 0.6666666666666666, '1': 1.0, '5': 0.3333333333333333}",0.5821428571428572
topo11_rac_it4,33,42,2.5454545454545454,1,1.4993111365882401,2.2850410882687076,-0.18447837150127297,0.058823529411764705,0.04848484848484849,0.25,0.5158289988997629,3.437256240751947,0.19823802153470269,"{'2': 0.625, '4': 0.42857142857142855, '3': 1.0, '1': 1.0, '5': 0.3333333333333333}",0.6773809523809524
topo11_rac_it5,33,42,2.5454545454545454,1,1.5587661999529316,2.2785447631801534,-0.1139240506329113,0.05714285714285714,0.04646464646464647,0.35714285714285715,0.6957725264918411,3.5654286207357875,0.20247318666675157,"{'2': 0.75, '4': 0.42857142857142855, '3': 1.0, '1': 1.0, '5': 0.4444444444444444}",0.7246031746031747
topo11_rac_it2,33,42,2.5454545454545454,1,1.3945979998792546,2.3167193172873977,-0.1688520203371703,0.12371134020618557,0.11414141414141415,0.1875,0.5894424279269663,3.4361790257430953,0.1448087051815354,"{'2': 0.625, '4': 0.2857142857142857, '3': 0.6666666666666666, '1': 1.0, '5': 0.3333333333333333}",0.5821428571428572
topo11_rnp_it1,33,42,2.5454545454545454,1,1.3278122606185845,2.2815709895471192,-0.11493582263710593,0.1276595744680851,0.11414141414141415,0.25,0.6031146512977941,3.4198087021863905,0.09666292520048501,"{'2': 0.625, '4': 0.2857142857142857, '3': 0.6666666666666666, '1': 1.0, '5': 0.3333333333333333}",0.5821428571428572
topo11_rac_it3,33,42,2.5454545454545454,1,1.3945979998792548,2.240475179571156,-0.137127099523691,0.09278350515463918,0.09191919191919193,0.1875,0.4461287856066565,3.389651555409269,0.15057306258211364,"{'2': 0.625, '4': 0.2857142857142857, '3': 0.6666666666666666, '1': 1.0, '5': 0.3333333333333333}",0.5821428571428572
topo9_rnp_it5,23,39,3.391304347826087,1,1.6349213632141884,2.4535775876032386,-0.21526876136068582,0.21774193548387097,0.18923395445134575,0.4,0.781257881044144,4.206386274044501,0.23983343403442217,"{'3': 2.3333333333333335, '2': 0.5, '1': 0.4166666666666667}",1.0833333333333333
topo9_it0,23,39,3.391304347826087,1,1.6081080007745154,2.587504346796978,0.03917220990391771,0.34146341463414637,0.24265010351966873,0.09090909090909091,1.5554053523783127,4.682481125423904,0.0765719148359689,"{'3': 1.0, '2': 0.25, '1': 0.08333333333333333}",0.4444444444444444
topo9_rnp_it4,23,39,3.391304347826087,1,1.6349213632141884,2.4535775876032386,-0.1747598026486643,0.24193548387096775,0.18840579710144925,0.3,0.9820003637773032,4.347425001209077,0.20961783396049646,"{'3': 2.3333333333333335, '2': 0.375, '1': 0.3333333333333333}",1.013888888888889
topo9_rac_it1,23,39,3.391304347826087,1,1.6613020151776348,2.566190216550323,-0.06348530038346804,0.312,0.23395445134575563,0.18181818181818182,1.3658979476184365,4.571960184743657,0.20825148314546932,"{'3': 1.0, '2': 0.375, '1': 0.16666666666666666}",0.513888888888889
topo9_rnp_it3,23,39,3.391304347826087,1,1.6613020151776348,2.5077129135961314,-0.11998053054271074,0.24,0.17888198757763976,0.3,1.34842442654017,4.490284428867695,0.20330360231147054,"{'3': 2.0, '2': 0.25, '1': 0.3333333333333333}",0.8611111111111112
topo9_rnp_it2,23,39,3.391304347826087,1,1.6613020151776348,2.555686959150924,-0.09820160908660742,0.264,0.19917184265010351,0.2,1.4184527211658908,4.556911982970594,0.14773466515439027,"{'3': 1.6666666666666667, '2': 0.25, '1': 0.25}",0.7222222222222223
topo9_rac_it3,23,39,3.391304347826087,1,1.6872702532115005,2.5228657634046865,-0.1572958500669346,0.21428571428571427,0.12608695652173915,0.36363636363636365,1.4512063297678623,4.4495629371796985,0.37123217260689967,"{'3': 1.3333333333333333, '2': 0.5, '1': 0.3333333333333333}",0.7222222222222222
topo9_rnp_it1,23,39,3.391304347826087,1,1.6349213632141884,2.5928501318584614,-0.00244798041615657,0.31451612903225806,0.21656314699792958,0.18181818181818182,1.5110477981406891,4.651848979437529,0.11421927164355856,"{'3': 1.3333333333333333, '2': 0.25, '1': 0.16666666666666666}",0.5833333333333334
topo9_rac_it2,23,39,3.391304347826087,1,1.7128448350949748,2.6286137419059736,-0.10608356787183301,0.28346456692913385,0.17391304347826086,0.2727272727272727,1.570687649753633,4.592104880920101,0.3055725316841131,"{'3': 1.0, '2': 0.5, '1': 0.25}",0.5833333333333334
topo9_rac_it5,23,39,3.391304347826087,1,1.8115362309564922,2.6203255425432155,-0.22938557435440735,0.183206106870229,0.1458592132505176,0.45454545454545453,1.3641291622282594,4.348381229862371,0.5070823878303865,"{'3': 1.3333333333333333, '2': 0.625, '1': 0.4166666666666667}",0.7916666666666666
topo9_rac_it4,23,39,3.391304347826087,1,1.7628812984968079,2.420756391857001,-0.15834675254965053,0.16279069767441862,0.10527950310559006,0.45454545454545453,1.5036412398644958,4.3612268049943355,0.4687665877421154,"{'3': 1.3333333333333333, '2': 0.625, '1': 0.4166666666666667}",0.7916666666666666
topo7_rac_it2,40,65,3.25,1,2.5860201081971503,2.5891248756075713,-0.3130678523100718,0.16071428571428573,0.24140151515151512,0.3333333333333333,1.3573608872747531,4.963219005228184,0.29441716294365045,"{'3': 0.4166666666666667, '2': 0.46153846153846156, '1': 0.4666666666666667}",0.4482905982905983
topo7_rnp_it1,40,65,3.25,1,2.5860201081971503,2.576869250715745,-0.2854520020982688,0.18214285714285713,0.31079628704628703,0.38461538461538464,1.3169744957649714,4.989406887339488,0.2058540546316389,"{'3': 0.3333333333333333, '2': 0.38461538461538464, '1': 0.4666666666666667}",0.39487179487179486
topo7_rac_it3,40,65,3.25,1,2.56661255354212,2.597085133395088,-0.3065074119170487,0.1510791366906475,0.1989015151515151,0.3888888888888889,1.3203335863380965,4.935700744603654,0.3308082393997469,"{'3': 0.4166666666666667, '2': 0.46153846153846156, '1': 0.4666666666666667}",0.4482905982905983
topo7_rac_it4,40,65,3.25,1,2.446936860648431,2.606373774004892,-0.29716513579594256,0.14661654135338345,0.18534090909090908,0.4117647058823529,1.316670730608298,4.821580714516506,0.3316889186512694,"{'3': 0.5, '2': 0.46153846153846156, '1': 0.4}",0.45384615384615384
topo7_rac_it5,40,65,3.25,1,2.4672859582950655,2.6569509636624975,-0.30600561437633994,0.13432835820895522,0.1753409090909091,0.5384615384615384,1.4530573976814036,4.838796408149918,0.36957118096296554,"{'3': 0.5, '2': 0.5384615384615384, '1': 0.4666666666666667}",0.5017094017094017
topo7_rnp_it4,40,65,3.25,1,2.56661255354212,2.507275039548666,-0.2422283453440727,0.18345323741007194,0.2830444555444555,0.4444444444444444,1.4489761149820253,5.035961130093082,0.23199226544046847,"{'3': 0.4166666666666667, '2': 0.46153846153846156, '1': 0.4666666666666667}",0.4482905982905983
topo7_rnp_it5,40,65,3.25,1,2.56661255354212,2.507275039548666,-0.2422283453440727,0.18345323741007194,0.2830444555444555,0.46153846153846156,1.4489761149820235,5.035961130093077,0.23199226544046825,"{'3': 0.4166666666666667, '2': 0.46153846153846156, '1': 0.4666666666666667}",0.4482905982905983
topo7_rnp_it2,40,65,3.25,1,2.5860201081971503,2.576869250715745,-0.27181325406539597,0.18214285714285713,0.3086167998667998,0.47058823529411764,1.346481198502893,5.011527131157492,0.21708100727240617,"{'3': 0.4166666666666667, '2': 0.46153846153846156, '1': 0.4666666666666667}",0.4482905982905983
topo7_it0,40,65,3.25,1,2.5860201081971503,2.576869250715745,-0.2854520020982688,0.18214285714285713,0.310796287046287,0.3888888888888889,1.31697449576497,4.98940688733949,0.20585405463163614,"{'3': 0.3333333333333333, '2': 0.38461538461538464, '1': 0.4666666666666667}",0.39487179487179486
topo7_rnp_it3,40,65,3.25,1,2.56661255354212,2.507275039548666,-0.2422283453440727,0.18345323741007194,0.2830444555444555,0.4166666666666667,1.4489761149820315,5.035961130093081,0.23199226544046658,"{'3': 0.4166666666666667, '2': 0.46153846153846156, '1': 0.4666666666666667}",0.4482905982905983
topo7_rac_it1,40,65,3.25,1,2.671610001478509,2.640102376040265,-0.3177396548493163,0.16608996539792387,0.2515472027972027,0.42105263157894735,1.483880453945786,5.050557251681953,0.28597316096359254,"{'3': 0.4166666666666667, '2': 0.46153846153846156, '1': 0.4666666666666667}",0.4482905982905983
topo0_rac_it2,20,32,3.2,1,1.1661903789690602,1.9219280948873623,-0.05747126436781609,0.35714285714285715,0.5599999999999999,0.3,0.7126890022702934,3.6481213342403223,0.2631327245863012,"{'3': 0.4, '2': 0.4, '1': 0.6, '4': 0.6}",0.5
topo0_rnp_it1,20,32,3.2,1,1.3266499161421599,2.3016094970590273,-0.08928571428571429,0.375,0.6083333333333333,0.3,0.8302525954005535,3.765684927370585,0.2631327245863008,"{'3': 0.6, '2': 0.6, '1': 0.4, '4': 0.4}",0.5
topo0_rac_it3,20,32,3.2,1,1.2083045973594573,2.019035274338866,-0.0199203187250996,0.3176470588235294,0.45500000000000007,0.4,0.8090938911193422,3.7102246777265377,0.32745200704459304,"{'3': 0.6, '2': 0.6, '1': 0.6, '4': 0.6}",0.6
topo0_rac_it4,20,32,3.2,1,1.2083045973594573,2.019035274338866,-0.12191235059760956,0.3176470588235294,0.4716666666666667,0.3,0.6712795386400705,3.668724172975949,0.27685955902119824,"{'3': 0.4, '2': 0.6, '1': 0.8, '4': 0.6}",0.6
topo0_rac_it5,20,32,3.2,1,1.32664991614216,2.1709505944546685,-0.1590909090909091,0.2727272727272727,0.38666666666666666,0.4,0.9669512367479434,3.7654013890548437,0.3851443643709197,"{'3': 0.6, '2': 0.8, '1': 0.8, '4': 0.6}",0.7000000000000001
topo0_rnp_it4,20,32,3.2,1,1.74928556845359,2.433206219346495,-0.0935720097640358,0.297029702970297,0.40214285714285714,0.4,1.2738887448615173,4.138938551973445,0.42576779031355116,"{'3': 1.2, '2': 0.6, '1': 0.6, '4': 0.8}",0.8
topo0_it0,20,32,3.2,1,1.1661903789690602,1.9219280948873623,-0.10344827586206896,0.42857142857142855,0.6733333333333333,0.2,0.6947552038674338,3.6301875358374636,0.2631327245863001,"{'3': 0.4, '2': 0.4, '1': 0.4, '4': 0.4}",0.4
topo0_rnp_it5,20,32,3.2,1,1.913112646970899,2.5464393446710156,-0.12404814541881602,0.2803738317757009,0.3622619047619048,0.5,1.4576088581337903,4.297894187229763,0.48870960445747824,"{'3': 1.4, '2': 0.6, '1': 0.8, '4': 0.8}",0.8999999999999999
topo0_rnp_it2,20,32,3.2,1,1.5033296378372907,2.408694969562842,-0.08082026537997587,0.3548387096774194,0.5597619047619048,0.3,1.0688004117599332,3.929172834006677,0.2921806954516115,"{'3': 0.8, '2': 0.6, '1': 0.4, '4': 0.6}",0.6
topo0_rnp_it3,20,32,3.2,1,1.6911534525287764,2.4659573209491747,-0.09285915890488287,0.3333333333333333,0.5070238095238095,0.4,1.303583757767683,4.05925321311808,0.4304269170957939,"{'3': 1.0, '2': 0.6, '1': 0.6, '4': 0.6}",0.7000000000000001
topo0_rac_it1,20,32,3.2,1,1.2083045973594573,1.8149798205164813,-0.03939184519695923,0.35294117647058826,0.5433333333333333,0.3,0.8378367534921658,3.696832268348473,0.26306491683705796,"{'3': 0.6, '2': 0.6, '1': 0.4, '4': 0.4}",0.5
topo1_rnp_it1,29,38,2.6206896551724137,1,2.7469581057454393,2.204379155016893,-0.3907371167645141,0.14035087719298245,0.20041682455475557,0.5,1.848634194307091,4.6684664141438965,0.24650305774840908,"{'2': 0.5, '1': 0.037037037037037035}",0.2685185185185185
topo1_rac_it3,29,42,2.896551724137931,1,2.8081755960692876,2.3340689468547886,-0.37769092002405297,0.15463917525773196,0.26174687381583933,0.42857142857142855,1.8603106541089751,4.887577679254765,0.4218872906555171,"{'2': 1.0, '1': 0.07407407407407407}",0.537037037037037
topo1_rac_it2,29,41,2.8275862068965516,1,2.841429527510712,2.3140348740649053,-0.40682536730518853,0.15625,0.26174687381583933,0.38461538461538464,1.82921611805389,4.876895482885065,0.48443224473958746,"{'2': 1.0, '1': 0.07407407407407407}",0.537037037037037
topo1_rac_it5,29,44,3.0344827586206895,1,2.7478236983636597,2.352083255022155,-0.345515803900294,0.1507537688442211,0.26174687381583933,0.5714285714285714,1.889081489488838,4.900495699830501,0.49847194998090977,"{'2': 1.0, '1': 0.07407407407407407}",0.537037037037037
topo1_rac_it4,29,43,2.9655172413793105,1,2.7728083438585696,2.3140348740649053,-0.3595200560518479,0.15306122448979592,0.26174687381583933,0.5384615384615384,1.8768703564647748,4.892666388905707,0.4645169403660467,"{'2': 1.0, '1': 0.07407407407407407}",0.537037037037037
topo1_it0,29,38,2.6206896551724137,1,2.7967196684126368,2.1233958603411427,-0.4160930453358652,0.15428571428571428,0.2578880889225717,0.3076923076923077,1.731075024250559,4.7085104682225225,0.24458613014172778,"{'2': 0.5, '1': 0.037037037037037035}",0.2685185185185185
topo1_rnp_it5,29,38,2.6206896551724137,1,2.7469581057454393,2.204379155016893,-0.4024787997390738,0.12280701754385964,0.1310723758999621,0.42857142857142855,1.8907806746805407,4.646374658587394,0.24650420037052648,"{'2': 0.5, '1': 0.037037037037037035}",0.2685185185185185
topo1_rnp_it4,29,38,2.6206896551724137,1,2.7469581057454393,2.204379155016893,-0.4024787997390738,0.12280701754385964,0.1310723758999621,0.42857142857142855,1.8907806746805411,4.646374658587393,0.2465042003705294,"{'2': 0.5, '1': 0.037037037037037035}",0.2685185185185185
topo1_rnp_it3,29,38,2.6206896551724137,1,2.7469581057454393,2.204379155016893,-0.4024787997390738,0.12280701754385964,0.1310723758999621,0.42857142857142855,1.890780674680542,4.646374658587395,0.24650420037052748,"{'2': 0.5, '1': 0.037037037037037035}",0.2685185185185185
topo1_rac_it1,29,40,2.7586206896551726,1,2.872643530987383,2.2522006014966456,-0.4229046705054383,0.15789473684210525,0.26174687381583933,0.46153846153846156,1.832644333168624,4.875254795293395,0.28795844845253565,"{'2': 1.0, '1': 0.07407407407407407}",0.537037037037037
topo1_rnp_it2,29,38,2.6206896551724137,1,2.7469581057454393,2.204379155016893,-0.4024787997390738,0.12280701754385964,0.1310723758999621,0.42857142857142855,1.890780674680542,4.646374658587398,0.24650420037052664,"{'2': 0.5, '1': 0.037037037037037035}",0.2685185185185185
topo6_rnp_it1,45,71,3.1555555555555554,1,2.4217124845911604,2.423636202196035,-0.16418068338093725,0.14736842105263157,0.20691826691826695,0.2777777777777778,1.5624445644393252,5.06164066705472,0.18649388550948165,"{'3': 0.29411764705882354, '2': 0.4117647058823529, '1': 0.5454545454545454}",0.4171122994652406
topo6_rac_it3,45,71,3.1555555555555554,1,2.4671671164002884,2.527050810834982,-0.16947291361639813,0.13448275862068965,0.16586006586006585,0.29411764705882354,1.5509328666436484,5.075188453269748,0.24010498079242465,"{'3': 0.29411764705882354, '2': 0.4117647058823529, '1': 0.5454545454545454}",0.4171122994652406
topo6_rac_it2,45,71,3.1555555555555554,1,2.4399959522330317,2.467690821007635,-0.16412898127887188,0.13588850174216027,0.1688230288230288,0.3333333333333333,1.555823129515896,5.066206427743275,0.22435134771833842,"{'3': 0.29411764705882354, '2': 0.4117647058823529, '1': 0.5454545454545454}",0.4171122994652406
topo6_rac_it5,45,71,3.1555555555555554,1,2.5987651388522166,2.5302608866735365,-0.21121976196720485,0.12786885245901639,0.18201058201058198,0.3888888888888889,1.592647465681699,5.125119238617203,0.28074577997916306,"{'3': 0.4117647058823529, '2': 0.5294117647058824, '1': 0.5454545454545454}",0.49554367201426025
topo6_rac_it4,45,71,3.1555555555555554,1,2.546942005670116,2.513485608847682,-0.19627665451331344,0.13043478260869565,0.18047286047286046,0.3333333333333333,1.5735000752155277,5.116183910792886,0.26678174578662317,"{'3': 0.35294117647058826, '2': 0.47058823529411764, '1': 0.5454545454545454}",0.4563279857397504
topo6_rnp_it5,45,71,3.1555555555555554,1,2.5117993157235183,2.5783065105340226,-0.1624936701738594,0.13220338983050847,0.16888444888444887,0.36363636363636365,1.6060431953870729,5.11005923524334,0.24569263091483345,"{'3': 0.4117647058823529, '2': 0.47058823529411764, '1': 0.6363636363636364}",0.5062388591800356
topo6_rnp_it4,45,71,3.1555555555555554,1,2.49404228383968,2.5541072261485147,-0.17494089834515414,0.13310580204778158,0.19923557923557922,0.3181818181818182,1.6034999344479486,5.0743022674822615,0.2285969415548575,"{'3': 0.4117647058823529, '2': 0.47058823529411764, '1': 0.6363636363636364}",0.5062388591800356
topo6_rnp_it3,45,71,3.1555555555555554,1,2.49404228383968,2.5541072261485147,-0.17494089834515414,0.13310580204778158,0.19923557923557922,0.3181818181818182,1.6034999344479441,5.074302267482259,0.22859694155485857,"{'3': 0.4117647058823529, '2': 0.47058823529411764, '1': 0.6363636363636364}",0.5062388591800356
topo6_rac_it1,45,71,3.1555555555555554,1,2.449086501403743,2.4606003861837484,-0.13742583295298966,0.15625,0.17016613016613014,0.2727272727272727,1.6057524371049143,5.151709733258021,0.20529450305202226,"{'3': 0.29411764705882354, '2': 0.4117647058823529, '1': 0.5454545454545454}",0.4171122994652406
topo6_it0,45,71,3.1555555555555554,1,2.4308714080487954,2.426689979104559,-0.13755541098688295,0.16783216783216784,0.22307618307618313,0.25,1.6150126480508646,5.147256221636824,0.18253078621872218,"{'3': 0.29411764705882354, '2': 0.4117647058823529, '1': 0.5454545454545454}",0.4171122994652406
topo6_rnp_it2,45,71,3.1555555555555554,1,2.4761579159438436,2.5155828876208495,-0.18244427748559974,0.13402061855670103,0.18442076442076444,0.3125,1.5652451005776022,5.049002779056597,0.21150454227830665,"{'3': 0.35294117647058826, '2': 0.47058823529411764, '1': 0.5454545454545454}",0.4563279857397504
topo8_rnp_it4,35,68,3.8857142857142857,1,2.6378717457334377,2.9593305340285605,-0.37505940499952484,0.1320754716981132,0.22871572871572873,0.7058823529411765,1.5436188187751658,5.353124564463906,0.48837150468728896,"{'2': 2.6666666666666665, '4': 1.6666666666666667, '3': 1.5, '1': 0.8333333333333334, '5': 1.3333333333333333}",1.5999999999999999
topo8_rnp_it5,35,68,3.8857142857142857,1,2.6701677697042463,3.06007203444296,-0.40721069882054606,0.1308411214953271,0.21039373325087607,0.7058823529411765,1.5311520471657611,5.365211668795507,0.5104670152734049,"{'2': 2.6666666666666665, '4': 1.6666666666666667, '3': 1.5, '1': 0.8333333333333334, '5': 1.3333333333333333}",1.5999999999999999
topo8_it0,35,68,3.8857142857142857,1,2.6270181746223074,2.704482404355875,-0.3088321907319719,0.1608832807570978,0.20154607297464436,0.5882352941176471,1.695977183367268,5.508032436265507,0.4620978337262275,"{'2': 2.6666666666666665, '4': 1.6666666666666667, '3': 1.5, '1': 0.8333333333333334, '5': 1.3333333333333333}",1.5999999999999999
topo8_rnp_it2,35,68,3.8857142857142857,1,2.6914831659612997,2.763204619426869,-0.34249713631156925,0.16718266253869968,0.23521954236239948,0.625,1.6749712935896057,5.521063809613321,0.46385251492520313,"{'2': 2.6666666666666665, '4': 1.6666666666666667, '3': 1.5, '1': 0.8333333333333334, '5': 1.3333333333333333}",1.5999999999999999
topo8_rac_it1,35,68,3.8857142857142857,1,2.6161195753736224,2.771504449582678,-0.32956456737058515,0.14240506329113925,0.20023294166151306,0.6470588235294118,1.6838024966458809,5.4588169685564125,0.5110797745490752,"{'2': 2.6666666666666665, '4': 1.6666666666666667, '3': 1.5, '1': 0.8333333333333334, '5': 1.3333333333333333}",1.5999999999999999
topo8_rnp_it3,35,68,3.8857142857142857,1,2.6161195753736224,2.7772110478746708,-0.34556603773584876,0.1518987341772152,0.2350175221603793,0.6875,1.511694111571357,5.365468199911463,0.48373054040131136,"{'2': 2.6666666666666665, '4': 1.6666666666666667, '3': 1.5, '1': 0.8333333333333334, '5': 1.3333333333333333}",1.5999999999999999
topo8_rac_it2,35,68,3.8857142857142857,1,2.712631074609811,2.66007203444296,-0.3523362641699737,0.13846153846153847,0.2171943929086786,0.7058823529411765,1.826188795718502,5.509720206135313,0.6137742491788541,"{'2': 2.3333333333333335, '4': 1.6666666666666667, '3': 1.5, '1': 0.8333333333333334, '5': 1.6666666666666667}",1.6
topo8_rac_it3,35,68,3.8857142857142857,1,2.7440473608098217,2.717214891585817,-0.3654502046384718,0.13719512195121952,0.2168542568542568,0.8125,1.8390175775799475,5.509800481658148,0.6064941817273649,"{'2': 2.3333333333333335, '4': 1.6666666666666667, '3': 1.5, '1': 0.8333333333333334, '5': 1.6666666666666667}",1.6
topo8_rnp_it1,35,68,3.8857142857142857,1,2.6270181746223074,2.704482404355875,-0.3088321907319719,0.1608832807570978,0.20154607297464436,0.5882352941176471,1.6959771833672637,5.508032436265505,0.46209783372622687,"{'2': 2.6666666666666665, '4': 1.6666666666666667, '3': 1.5, '1': 0.8333333333333334, '5': 1.3333333333333333}",1.5999999999999999
topo8_rac_it4,35,68,3.8857142857142857,1,2.680846652740549,2.6556393773688267,-0.31771204561653593,0.13043478260869565,0.18669552669552666,0.7058823529411765,1.965205119132802,5.500077102634684,0.6254572040197018,"{'2': 2.3333333333333335, '4': 1.6666666666666667, '3': 1.5, '1': 0.8333333333333334, '5': 1.6666666666666667}",1.6
topo8_rac_it5,35,68,3.8857142857142857,1,2.680846652740549,2.792870516635899,-0.3268292682926831,0.13043478260869565,0.20098124098124096,0.7647058823529411,1.9608644494729717,5.492545660653849,0.6571197626062,"{'2': 2.3333333333333335, '4': 1.6666666666666667, '3': 1.5, '1': 0.8333333333333334, '5': 1.6666666666666667}",1.6
topo3_rnp_it2,49,65,2.6530612244897958,1,2.055862899504168,2.351968966953428,-0.25759898503991163,0.08530805687203792,0.07198515769944341,0.16666666666666666,0.9607080832728654,4.370528165064576,0.08735211746799466,"{'3': 0.16666666666666666, '2': 0.21428571428571427, '1': 0.25, '4': 0.2222222222222222}",0.21329365079365079
topo3_rnp_it3,49,65,2.6530612244897958,1,2.055862899504168,2.351968966953428,-0.25759898503991163,0.08530805687203792,0.07198515769944341,0.13043478260869565,0.9607080832728561,4.370528165064573,0.08735211746799569,"{'3': 0.16666666666666666, '2': 0.21428571428571427, '1': 0.25, '4': 0.2222222222222222}",0.21329365079365079
topo3_it0,49,65,2.6530612244897958,1,2.0657658599387045,2.3981865691267017,-0.25052279381012166,0.11320754716981132,0.07997172895132079,0.08695652173913043,1.2060401998116532,4.579854637295597,0.06216433817494145,"{'3': 0.1111111111111111, '2': 0.14285714285714285, '1': 0.25, '4': 0.2222222222222222}",0.18154761904761904
topo3_rac_it1,49,65,2.6530612244897958,1,2.0359124756473346,2.326755206481791,-0.25003293026686724,0.0861244019138756,0.06743528580263275,0.13043478260869565,1.06069843646095,4.438797186480562,0.08417516562695326,"{'3': 0.16666666666666666, '2': 0.21428571428571427, '1': 0.25, '4': 0.2222222222222222}",0.21329365079365079
topo3_rnp_it4,49,65,2.6530612244897958,1,2.055862899504168,2.2962142567678714,-0.22848935541893778,0.0995260663507109,0.07674706246134817,0.16666666666666666,1.1352502548050984,4.424908364457568,0.07414162511389856,"{'3': 0.2222222222222222, '2': 0.21428571428571427, '1': 0.25, '4': 0.3333333333333333}",0.25496031746031744
topo3_rnp_it5,49,65,2.6530612244897958,1,2.055862899504168,2.2962142567678714,-0.22848935541893778,0.0995260663507109,0.07674706246134817,0.13043478260869565,1.1352502548050913,4.424908364457553,0.07414162511389936,"{'3': 0.2222222222222222, '2': 0.21428571428571427, '1': 0.25, '4': 0.3333333333333333}",0.25496031746031744
topo3_rac_it4,49,65,2.6530612244897958,1,1.943603012377,2.354207427934434,-0.2772832179360372,0.015,0.007482993197278912,0.13043478260869565,0.6998485662603908,4.0496908576754995,0.11278803746315762,"{'3': 0.2222222222222222, '2': 0.21428571428571427, '1': 0.375, '4': 0.2222222222222222}",0.25843253968253965
topo3_rac_it5,49,65,2.6530612244897958,1,1.9118430087559786,2.439860223394864,-0.24829574227727794,0.030456852791878174,0.016618075801749267,0.20833333333333334,0.6569888186138675,4.014967546524247,0.13533429364583502,"{'3': 0.2777777777777778, '2': 0.2857142857142857, '1': 0.375, '4': 0.2222222222222222}",0.2901785714285714
topo3_rac_it2,49,65,2.6530612244897958,1,2.015764608141346,2.2422305238271734,-0.2733701837099656,0.07246376811594203,0.046134817563389,0.13636363636363635,0.9338551732168421,4.323171690593052,0.08820650888673641,"{'3': 0.16666666666666666, '2': 0.21428571428571427, '1': 0.25, '4': 0.2222222222222222}",0.21329365079365079
topo3_rnp_it1,49,65,2.6530612244897958,1,2.055862899504168,2.351968966953428,-0.25759898503991163,0.08530805687203792,0.07198515769944341,0.13043478260869565,0.9607080832728627,4.370528165064577,0.08735211746799515,"{'3': 0.16666666666666666, '2': 0.21428571428571427, '1': 0.25, '4': 0.2222222222222222}",0.21329365079365079
topo3_rac_it3,49,65,2.6530612244897958,1,1.8903732533729651,2.3095854223031185,-0.3044444444444444,0.015384615384615385,0.006122448979591837,0.13043478260869565,0.5363888974127993,3.9558481461631936,0.1033122308461627,"{'3': 0.16666666666666666, '2': 0.21428571428571427, '1': 0.25, '4': 0.2222222222222222}",0.21329365079365079
topo4_rnp_it2,48,68,2.8333333333333335,1,1.6244657241348273,2.490379072628484,-0.15785256410256426,0.1276595744680851,0.129265873015873,0.19047619047619047,0.4227266560326828,4.0263726536405136,0.1012981123432334,"{'6': 0.36363636363636365, '2': 0.2, '4': 0.6, '3': 0.8571428571428571, '1': 2.0, '5': 0.25}",0.7117965367965368
topo4_rnp_it3,48,68,2.8333333333333335,1,1.6244657241348273,2.490379072628484,-0.15785256410256426,0.1276595744680851,0.129265873015873,0.2,0.4227266560326788,4.026372653640511,0.10129811234323371,"{'6': 0.36363636363636365, '2': 0.2, '4': 0.6, '3': 0.8571428571428571, '1': 2.0, '5': 0.25}",0.7117965367965368
topo4_rac_it1,48,68,2.8333333333333335,1,1.6244657241348273,2.46877934910278,-0.17627677100494224,0.09574468085106383,0.06259920634920635,0.20833333333333334,0.4953930612742705,4.02963071046691,0.11712342661971618,"{'6': 0.45454545454545453, '2': 0.3, '4': 0.6, '3': 0.8571428571428571, '1': 2.0, '5': 0.25}",0.7436147186147185
topo4_rnp_it4,48,68,2.8333333333333335,1,1.6244657241348273,2.490379072628484,-0.15785256410256426,0.1276595744680851,0.129265873015873,0.16666666666666666,0.42272665603268145,4.026372653640507,0.1012981123432326,"{'6': 0.36363636363636365, '2': 0.2, '4': 0.6, '3': 0.8571428571428571, '1': 2.0, '5': 0.25}",0.7117965367965368
topo4_it0,48,68,2.8333333333333335,1,1.5855247992033707,2.4496204526228813,-0.16833708324810848,0.11351351351351352,0.12509920634920632,0.17391304347826086,0.506607278364744,4.0290403246956865,0.09609775881321451,"{'6': 0.36363636363636365, '2': 0.2, '4': 0.6, '3': 0.8571428571428571, '1': 2.0, '5': 0.25}",0.7117965367965368
topo4_rnp_it5,48,68,2.8333333333333335,1,1.6749792701868151,2.48267363779231,-0.13850837138508368,0.125,0.11398809523809522,0.20833333333333334,0.3545627542001579,4.031652464021132,0.11268950178019385,"{'6': 0.45454545454545453, '2': 0.3, '4': 0.6, '3': 0.8571428571428571, '1': 2.0, '5': 0.25}",0.7436147186147185
topo4_rac_it4,48,68,2.8333333333333335,1,1.6372402253657083,2.5051802099059772,-0.22713130056005001,0.07936507936507936,0.04037698412698413,0.23809523809523808,0.4364267612292405,3.9320619377338115,0.15553085611995668,"{'6': 0.45454545454545453, '2': 0.3, '4': 0.8, '3': 0.8571428571428571, '1': 2.0, '5': 0.3333333333333333}",0.7908369408369409
topo4_rac_it5,48,68,2.8333333333333335,1,1.5456030825826172,2.4964945611911946,-0.21796165489404726,0.06593406593406594,0.03432539682539682,0.22727272727272727,0.6780995978646547,3.918216717897743,0.1605125575518314,"{'6': 0.36363636363636365, '2': 0.3, '4': 0.8, '3': 0.8571428571428571, '1': 1.6666666666666667, '5': 0.3333333333333333}",0.7201298701298701
topo4_rac_it2,48,68,2.8333333333333335,1,1.6624947786050004,2.5005030582647314,-0.17154586445925005,0.09424083769633508,0.06607142857142857,0.23809523809523808,0.5464906794465962,4.063251813335248,0.12935637757955748,"{'6': 0.45454545454545453, '2': 0.3, '4': 0.8, '3': 0.8571428571428571, '1': 2.0, '5': 0.3333333333333333}",0.7908369408369409
topo4_rnp_it1,48,68,2.8333333333333335,1,1.6244657241348273,2.490379072628484,-0.15785256410256426,0.1276595744680851,0.129265873015873,0.125,0.4227266560326779,4.026372653640509,0.10129811234323242,"{'6': 0.36363636363636365, '2': 0.2, '4': 0.6, '3': 0.8571428571428571, '1': 2.0, '5': 0.25}",0.7117965367965368
topo4_rac_it3,48,68,2.8333333333333335,1,1.6372402253657083,2.4936365150822093,-0.1901814300960513,0.07936507936507936,0.04037698412698413,0.2727272727272727,0.44849442325509425,3.947066050728841,0.14668752843079097,"{'6': 0.45454545454545453, '2': 0.3, '4': 0.8, '3': 0.8571428571428571, '1': 2.0, '5': 0.3333333333333333}",0.7908369408369409
topo5_rnp_it3,42,54,2.5714285714285716,1,1.2371791482634837,2.1550013708985354,-0.1787439613526578,0.07692307692307693,0.11507936507936505,0.17647058823529413,0.7167299928968727,3.430509808917426,0.10138964981735327,"{'2': 0.6666666666666666, '4': 0.25, '3': 0.21428571428571427, '1': 0.5, '5': 0.23529411764705882}",0.37324929971988796
topo5_rac_it1,42,54,2.5714285714285716,1,1.3652639225553764,2.302534473029531,-0.15803365225998037,0.07258064516129033,0.06746031746031747,0.2,0.7000058076453053,3.58438458772487,0.11550954305504052,"{'2': 0.6666666666666666, '4': 0.5, '3': 0.2857142857142857, '1': 0.5, '5': 0.23529411764705882}",0.4375350140056022
topo5_rnp_it2,42,54,2.5714285714285716,1,1.2371791482634837,2.1550013708985354,-0.1787439613526578,0.07692307692307693,0.11507936507936505,0.17647058823529413,0.7167299928968722,3.4305098089174315,0.10138964981735207,"{'2': 0.6666666666666666, '4': 0.25, '3': 0.21428571428571427, '1': 0.5, '5': 0.23529411764705882}",0.37324929971988796
topo5_rnp_it5,42,54,2.5714285714285716,1,1.2371791482634837,2.1550013708985354,-0.1787439613526578,0.07692307692307693,0.11507936507936505,0.2222222222222222,0.7167299928968731,3.430509808917429,0.10138964981735256,"{'2': 0.6666666666666666, '4': 0.25, '3': 0.21428571428571427, '1': 0.5, '5': 0.23529411764705882}",0.37324929971988796
topo5_it0,42,54,2.5714285714285716,1,1.3119026013291344,2.2521735721407232,-0.1364623350592945,0.09917355371900827,0.12698412698412698,0.21428571428571427,0.776598422779442,3.5793547589055255,0.10021880900683738,"{'2': 0.6666666666666666, '4': 0.25, '3': 0.21428571428571427, '1': 0.5, '5': 0.23529411764705882}",0.37324929971988796
topo5_rnp_it4,42,54,2.5714285714285716,1,1.2371791482634837,2.1550013708985354,-0.1787439613526578,0.07692307692307693,0.11507936507936505,0.25,0.7167299928968696,3.430509808917429,0.10138964981735302,"{'2': 0.6666666666666666, '4': 0.25, '3': 0.21428571428571427, '1': 0.5, '5': 0.23529411764705882}",0.37324929971988796
topo5_rac_it5,42,54,2.5714285714285716,1,1.5141060091032996,2.3871067019623577,-0.11920612988318047,0.045112781954887216,0.03129251700680272,0.25,0.8144537666041445,3.6882438497511574,0.1564367752994026,"{'2': 0.6666666666666666, '4': 0.5, '3': 0.2857142857142857, '1': 0.75, '5': 0.29411764705882354}",0.4992997198879551
topo5_rac_it4,42,54,2.5714285714285716,1,1.498298354528788,2.3690678575618307,-0.15222482435597165,0.045454545454545456,0.03129251700680272,0.2222222222222222,0.8121604092995462,3.6698474046518914,0.15321270755902372,"{'2': 0.6666666666666666, '4': 0.5, '3': 0.2857142857142857, '1': 0.75, '5': 0.29411764705882354}",0.4992997198879551
topo5_rnp_it1,42,54,2.5714285714285716,1,1.2371791482634837,2.1550013708985354,-0.1787439613526578,0.07692307692307693,0.11507936507936505,0.14285714285714285,0.7167299928968709,3.4305098089174297,0.10138964981735303,"{'2': 0.6666666666666666, '4': 0.25, '3': 0.21428571428571427, '1': 0.5, '5': 0.23529411764705882}",0.37324929971988796
topo5_rac_it3,42,54,2.5714285714285716,1,1.4661718398419672,2.3658317601365724,-0.1060924369747898,0.046153846153846156,0.03129251700680272,0.2857142857142857,0.850052014916304,3.6771122944221455,0.1164320828700316,"{'2': 0.6666666666666666, '4': 0.5, '3': 0.2857142857142857, '1': 0.75, '5': 0.29411764705882354}",0.4992997198879551
topo5_rac_it2,42,54,2.5714285714285716,1,1.3825934419959978,2.3182127125175245,-0.16879340978840188,0.048,0.031746031746031744,0.2222222222222222,0.7104909109656252,3.5836247003432344,0.12156754848115606,"{'2': 0.6666666666666666, '4': 0.5, '3': 0.2857142857142857, '1': 0.5, '5': 0.23529411764705882}",0.4375350140056022
topo2_rnp_it3,34,41,2.411764705882353,1,1.30874090948747,2.0907695633305727,-0.19715762273901832,0.06896551724137931,0.06862745098039216,0.18181818181818182,0.7738483199182928,3.276685599687506,0.087765557277252,"{'6': 0.3333333333333333, '2': 0.42857142857142855, '4': 0.5, '3': 0.5714285714285714, '1': 1.3333333333333333, '5': 0.25}",0.5694444444444444
topo2_rac_it1,34,41,2.411764705882353,1,1.2860712417103204,2.0500208190772837,-0.12433439829605912,0.06976744186046512,0.04551820728291317,0.25,0.7283433803924138,3.313003747992661,0.11263166467681497,"{'6': 0.3333333333333333, '2': 0.42857142857142855, '4': 0.25, '3': 0.5714285714285714, '1': 1.3333333333333333, '5': 0.5}",0.5694444444444444
topo2_rnp_it2,34,41,2.411764705882353,1,1.30874090948747,2.0907695633305727,-0.19715762273901832,0.06896551724137931,0.06862745098039216,0.18181818181818182,0.7738483199182946,3.2766855996875113,0.08776555727725198,"{'6': 0.3333333333333333, '2': 0.42857142857142855, '4': 0.5, '3': 0.5714285714285714, '1': 1.3333333333333333, '5': 0.25}",0.5694444444444444
topo2_it0,34,41,2.411764705882353,1,1.30874090948747,2.0907695633305727,-0.11240310077519394,0.10344827586206896,0.08473389355742297,0.16666666666666666,0.964915799651378,3.3846091656559816,0.08948018086843292,"{'6': 0.16666666666666666, '2': 0.42857142857142855, '4': 0.25, '3': 0.5714285714285714, '1': 1.3333333333333333, '5': 0.25}",0.5
topo2_rnp_it5,34,41,2.411764705882353,1,1.30874090948747,2.0907695633305727,-0.19715762273901832,0.06896551724137931,0.06862745098039216,0.18181818181818182,0.7738483199182951,3.27668559968751,0.08776555727725104,"{'6': 0.3333333333333333, '2': 0.42857142857142855, '4': 0.5, '3': 0.5714285714285714, '1': 1.3333333333333333, '5': 0.25}",0.5694444444444444
topo2_rnp_it4,34,41,2.411764705882353,1,1.30874090948747,2.0907695633305727,-0.19715762273901832,0.06896551724137931,0.06862745098039216,0.2,0.773848319918299,3.276685599687511,0.08776555727725037,"{'6': 0.3333333333333333, '2': 0.42857142857142855, '4': 0.5, '3': 0.5714285714285714, '1': 1.3333333333333333, '5': 0.25}",0.5694444444444444
topo2_rac_it5,34,41,2.411764705882353,1,1.1910856900774462,2.0907695633305727,-0.12307692307692303,0.0,0.0,0.3125,0.6590803427877883,3.094340639676421,0.19281972746061185,"{'6': 0.5, '2': 0.5714285714285714, '4': 0.5, '3': 0.5714285714285714, '1': 1.3333333333333333, '5': 0.75}",0.7043650793650794
topo2_rac_it4,34,41,2.411764705882353,1,1.1910856900774462,2.0907695633305727,-0.13846153846153864,0.036585365853658534,0.024509803921568624,0.23529411764705882,0.47141921371974327,3.066977805452715,0.16120465557327335,"{'6': 0.3333333333333333, '2': 0.42857142857142855, '4': 0.5, '3': 0.5714285714285714, '1': 1.3333333333333333, '5': 0.75}",0.6527777777777778
topo2_rnp_it1,34,41,2.411764705882353,1,1.30874090948747,2.0907695633305727,-0.19715762273901832,0.06896551724137931,0.06862745098039216,0.2,0.7738483199182933,3.2766855996875135,0.08776555727725137,"{'6': 0.3333333333333333, '2': 0.42857142857142855, '4': 0.5, '3': 0.5714285714285714, '1': 1.3333333333333333, '5': 0.25}",0.5694444444444444
topo2_rac_it3,34,41,2.411764705882353,1,1.30874090948747,2.0907695633305727,-0.1547803617571058,0.06896551724137931,0.040616246498599434,0.21428571428571427,0.6229456294111735,3.265609724575102,0.12814769552598693,"{'6': 0.3333333333333333, '2': 0.42857142857142855, '4': 0.5, '3': 0.5714285714285714, '1': 1.3333333333333333, '5': 0.75}",0.6527777777777778
topo2_rac_it2,34,41,2.411764705882353,1,1.30874090948747,2.0907695633305727,-0.15478036175710558,0.06896551724137931,0.04551820728291317,0.16666666666666666,0.7763488235586502,3.31992271871965,0.10079036684573178,"{'6': 0.16666666666666666, '2': 0.42857142857142855, '4': 0.5, '3': 0.5714285714285714, '1': 1.3333333333333333, '5': 0.5}",0.5833333333333334
